,Term_Frequency
the,10548
and,10243
it,10233
to,10048
a,9923
i,9670
this,8871
for,8761
is,8556
of,8281
that,7809
not,7548
but,7118
with,7062
on,7011
my,7010
in,6826
you,6649
so,6623
be,6315
as,6220
one,6174
have,6111
was,6061
can,5864
at,5814
-,5765
about,5762
if,5584
are,5488
good,5465
has,5421
only,5359
also,5289
me,5185
will,5174
than,5095
well,5044
like,4921
get,4828
(,4774
very,4761
),4739
or,4666
more,4662
when,4649
do,4643
from,4612
/,4557
out,4504
even,4448
after,4432
other,4424
no,4410
am,4339
really,4330
just,4294
there,4254
what,4213
all,4182
much,4156
some,4155
your,4132
would,4063
great,3898
up,3898
any,3893
they,3883
best,3874
use,3795
many,3779
then,3771
read,3759
by,3721
don,3706
high,3687
does,3648
which,3622
camera,3591
bought,3583
had,3567
using,3549
quality,3493
time,3450
two,3448
few,3412
made,3373
need,3354
because,3299
most,3256
people,3250
line,3244
less,3229
over,3229
generally,3224
we,3218
how,3182
wanted,3164
little,3140
make,3127
didn,3125
minor,3118
its,3109
them,3082
take,3073
seconds,3030
another,3023
still,3020
looking,2982
issues,2963
makes,2938
being,2928
speeds,2925
10,2913
end,2882
again,2881
video,2869
way,2865
did,2854
takes,2840
though,2831
gets,2826
looks,2826
story,2816
low,2809
who,2805
bit,2797
everything,2794
same,2758
shots,2750
photo,2730
small,2715
couple,2711
come,2699
issue,2693
their,2690
problem,2673
write,2663
give,2663
card,2640
were,2637
nice,2630
speed,2625
seems,2619
may,2613
taking,2596
slow,2582
almost,2574
day,2565
second,2560
person,2556
see,2545
shot,2539
photos,2539
note,2539
noted,2539
cards,2539
specific,2539
canon,2539
portion,2539
accurate,2539
vs,2539
far,2537
quickly,2527
handle,2517
reviews,2500
between,2497
where,2487
price,2480
level,2476
want,2471
these,2466
cameras,2456
fast,2437
might,2411
happens,2411
found,2375
doesn,2370
ever,2364
longer,2363
sometimes,2362
full,2361
won,2358
bottom,2352
non,2350
left,2347
smaller,2330
%,2312
focus,2293
bigger,2291
without,2280
weight,2277
look,2273
hand,2272
light,2270
set,2267
while,2267
needs,2266
ve,2265
often,2263
soft,2263
close,2260
greatly,2259
matter,2254
hopefully,2252
sized,2243
medium,2243
seemed,2243
quite,2241
becomes,2239
quick,2235
through,2232
enlargements,2226
8,2226
sharp,2226
shutter,2226
perhaps,2226
zoom,2226
mp,2226
although,2217
help,2208
color,2191
inside,2191
fact,2180
took,2174
sure,2171
experience,2162
work,2150
things,2141
tests,2139
gap,2131
seem,2131
amount,2131
peep,2131
notice,2131
product,2127
go,2120
certainly,2120
easier,2120
case,2113
sony,2109
images,2099
happy,2087
2,2082
simply,2077
pictures,2072
lighter,2064
edge,2056
luck,2056
guess,2056
holding,2056
expensive,2056
dslr,2051
flash,2051
three,2039
buy,2022
struggle,2018
available,2014
decided,2010
dark,2007
different,2000
above,1995
choose,1992
regular,1992
net,1991
fingers,1981
side,1971
always,1965
rather,1964
actually,1964
became,1963
okay,1950
compared,1940
replacement,1940
under,1940
common,1940
similar,1929
heavy,1928
poor,1923
reason,1923
purpose,1921
now,1913
remember,1912
somewhere,1912
videos,1911
those,1909
third,1906
picture,1897
noticeable,1895
effect,1895
pop,1894
difference,1886
none,1884
grip,1878
appears,1878
super,1871
respect,1840
whether,1840
zippy,1840
rapidly,1840
maintaining,1840
enlargement,1840
speedthis,1840
20x,1840
autofocus,1840
editing,1840
chip,1840
capturing,1840
lag,1840
state,1840
accurately,1840
photographic,1840
remain,1840
type,1840
photographer,1840
enlarge,1840
vibrancy,1840
apart,1840
fi,1840
enlarging,1840
awkward,1840
18,1840
whomever,1840
hierarchy,1840
picturesif,1840
present,1840
cropping,1840
50,1840
effective,1840
decent,1840
tremendous,1840
24,1840
camcorder,1840
4x6,1840
viewable,1840
faster,1840
painting,1840
strip,1840
indicate,1840
hx30,1840
comparison,1840
reviewers,1840
couldn,1840
outside,1840
zx20,1840
accepted,1840
superzoom,1840
zoomed,1840
outdoor,1840
poorest,1840
searching,1840
sound,1840
smooth,1840
produce,1840
jerky,1840
18mp,1840
stretch,1840
capable,1840
60,1840
vibrant,1840
variants,1840
handles,1840
felt,1840
professional,1840
raised,1840
5x7,1840
thinner,1840
contrast,1840
watched,1840
decide,1840
worst,1840
lightif,1840
lightin,1840
vivid,1840
instantaneous,1840
slightly,1840
noticeably,1840
differences,1840
imatest,1840
returns,1840
suited,1840
prints,1840
shines,1840
rubber,1840
settled,1840
deteriorate,1840
worse,1840
hold,1840
watercolor,1840
edit,1840
based,1840
indoor,1840
records,1840
competitive,1840
distracting,1840
speaking,1840
sunny,1840
remains,1840
onto,1840
pocket,1840
constant,1840
each,1840
writes,1840
front,1840
went,1840
despite,1840
manet,1840
handling,1840
somewhat,1840
tone,1840
various,1840
shadows,1840
solid,1840
hx20v,1840
crop,1840
consistently,1840
x,1840
observations,1840
wi,1840
larger,1840
verdict,1840
sx260,1840
result,1840
panasonic,1840
existent,1840
c,1840
both,1840
softer,1840
conditions,1840
pixel,1840
insidetaking,1840
colors,1840
lightall,1840
mentioned,1840
focusing,1840
detracted,1840
varies,1840
closer,1840
gps,1840
record,1840
tad,1840
fuller,1840
miss,1840
hissing,1840
frames,1840
instances,1840
merchants,1840
areas,1840
nitpicky,1840
conclusionsnone,1840
per,1840
blazingly,1840
comparable,1840
significant,1840
tech,1840
subjective,1840
react,1840
claude,1840
zs19,1840
clearly,1840
fairly,1840
since,1834
off,1828
long,1815
new,1781
:,1778
before,1729
love,1697
enough,1691
works,1665
1,1645
big,1568
days,1558
amazon,1525
first,1482
down,1463
too,1454
5,1434
4,1407
into,1397
our,1394
itself,1387
large,1382
back,1356
overall,1328
finally,1313
used,1287
ago,1268
6,1268
easy,1267
perfect,1263
3,1245
fit,1243
got,1216
package,1205
?,1165
stuff,1147
pack,1145
according,1136
right,1124
battery,1112
book,1110
32,1102
major,1102
understand,1101
around,1084
however,1082
keep,1060
least,1048
;,1044
deal,1038
his,1023
months,1012
he,1012
15,1012
put,1005
every,1001
due,998
reader,990
relatively,990
minutes,979
purchased,978
should,977
life,967
own,953
plan,941
research,925
raw,910
instead,905
month,902
program,890
shoulder,889
doing,877
finished,872
rely,868
half,865
year,862
lot,850
whole,832
reading,827
means,824
review,823
usb,822
phone,817
travel,814
cheap,814
otherwise,809
data,805
maybe,802
waiting,799
hard,797
achieve,793
fully,789
carried,789
wide,789
$,787
working,787
port,785
9,785
stars,779
connected,772
today,770
already,768
carry,762
amazing,760
could,757
loved,756
memory,755
service,754
last,745
nikon,745
here,744
basic,744
shooting,744
once,738
+,737
performance,733
real,732
00,732
bad,727
device,727
value,727
allows,727
recording,725
backpack,723
highly,723
years,721
slight,721
know,709
began,705
adjustable,705
developed,702
earth,700
please,699
conclusion,699
recently,699
mode,699
9mb,699
designation,699
continuous,699
opinion,699
w,699
disregarded,699
claimed,699
hd,699
ahead,699
buffering,699
minimum,699
4the,699
appear,699
purposes,699
rebel,699
process,699
correct,699
75,699
10mb,699
goal,699
[,699
66x,699
32gb,699
justify,699
message,699
define,699
tested,699
option,699
bursts,699
breaker,699
(i,699
static,699
5183x3456,699
defined,699
recommends,699
wikipedia,699
30fps,699
s,699
determine,699
h2w,699
associated,699
backup,699
considerably,699
superfine,699
class,699
files,699
recorded,699
113,699
sdhc,699
mbyte,699
simulation,699
=,699
techie,699
sreading,699
warning,699
strongly,699
17,699
wiki,699
t3i,699
*,699
fat,699
skip,699
r,699
appropriate,699
multiple,699
v1,699
],699
15378,699
important,699
rating,699
results,699
higher,699
web,699
1920x1080,699
cannot,699
file,699
h2testw,699
5184x3456,699
structure,699
133x,699
15379,699
maximum,699
20mb,699
writing,699
optimum,699
test,699
verify,699
sh2testw,699
0,699
sandisk,699
primary,699
errors,699
reported,699
slowed,699
minimums,699
update,699
classes,699
rated,699
updates,699
micromate,699
following,699
check,699
delete,699
integrity,699
claims,699
capacity,699
t2i,699
achieving,699
testing,699
exceeds,699
sddr,699
sd,699
walk,694
tell,694
next,694
able,693
recommend,691
been,691
ordered,685
race,677
say,673
piece,671
plus,668
him,666
worth,658
strap,647
something,646
straps,645
fall,645
customer,641
old,633
internet,632
leave,619
her,619
size,615
problems,613
perfectly,610
lenses,609
water,609
hours,609
needed,598
hour,594
necessary,590
yarn,590
yet,589
charge,587
smell,582
believe,573
20,569
such,568
yes,564
tendency,564
bag,563
running,560
items,559
squeeze,555
received,551
must,548
dogs,544
charcoal,544
coffee,543
400,541
shows,540
why,534
film,534
buying,528
science,527
care,523
easily,522
item,518
brand,517
idea,513
switch,511
pleased,511
300,510
cause,509
fits,506
clean,502
keyboard,501
cool,500
screen,492
setting,492
load,492
thing,491
compact,491
find,489
giving,486
installed,483
overcome,477
interesting,476
charged,472
spent,469
material,468
hoping,468
forward,468
think,464
design,464
workout,461
myself,460
fiction,460
ones,457
uses,452
trying,452
choice,451
getting,449
advice,449
top,446
impressed,446
kept,442
change,441
con,435
interest,435
pay,434
improved,432
provided,431
hot,431
lens,431
taste,427
going,427
cup,427
filter,427
maker,427
useful,420
consumer,419
liked,418
burning,412
kitchen,412
feature,410
traditional,409
mug,405
having,405
ok,404
solution,403
cost,403
summer,403
therefore,403
shipping,403
oz,403
until,403
eligible,403
harder,403
separation,403
bonus,403
packs,403
saddlebags,403
answers,403
submissive,403
managed,403
adjustments,403
adjust,403
bags,403
lifetime,403
construction,403
foxhound,403
throughout,403
exercise,403
roll,403
severe,403
milan,403
calmer,403
dilemma,403
completely,403
trips,403
saddle,403
camping,403
food,403
nalgene,403
range,403
dog,403
materials,403
suggestion,403
boot,403
lots,403
morning,403
presented,403
ample,403
prime,403
shocked,403
anxiety,403
treats,403
mix,403
scouring,403
cesar,403
labrador,403
adopted,403
deserves,403
weren,403
affordable,403
filled,403
hikes,403
doggie,403
weighted,403
decreased,403
college,403
seven,403
excessive,403
toys,403
bottles,403
flanks,403
solutions,403
overpriced,403
designed,403
tiring,403
power,396
delight,393
correctly,391
never,391
advanced,389
human,389
noise,386
manyfold,386
sneer,386
f,386
system,386
electricity,386
lower,386
200mm,386
feels,386
exposures,386
optics,386
heavier,386
mechanical,386
count,386
technique,386
aware,386
comfort,386
technical,386
percentage,386
economics,386
helps,386
beautifully,386
dx,386
learning,386
25,386
air,386
part,386
telephoto,386
70,386
o,386
equivalent,386
450mm,386
sensor,386
105,386
increased,386
curve,386
biggie,386
imo,386
marvelous,386
pain,386
hunt,386
fx,386
fills,386
likely,386
vr,386
neck,386
keepers,386
track,386
sniper,386
powered,386
legendary,386
universal,386
11x14,386
finish,385
show,385
matte,385
paper,384
characters,382
software,381
runs,379
along,377
probably,374
text,372
gift,370
ease,370
future,366
believable,366
tv,365
together,363
pieces,363
dont,360
action,358
family,356
fire,354
author,353
red,351
space,350
clock,345
bill,343
house,340
challenges,338
week,334
anyone,334
middle,333
thought,333
hesitate,330
point,330
original,324
past,323
written,321
short,319
secure,319
products,319
download,316
she,314
ready,312
fantastic,310
trust,306
post,305
simple,304
absolutely,303
eventually,302
smelled,302
2003,302
black,302
carafe,302
toffee,302
exhibiting,302
match,302
dcc,302
stainless,302
bumps,302
brews,302
temp,302
pots,302
flavor,302
appliances,302
steeping,302
reset,302
toward,302
randomly,302
model,302
pot,302
sister,302
scald,302
timer,302
shut,302
rhymes,302
buys,302
drinker,302
basket,302
smudges,302
symptoms,302
law,302
7,302
spares,302
brewing,302
circuitry,302
complain,302
burns,302
drinkable,302
plate,302
pour,302
lifespan,302
owners,302
hey,302
served,302
1200,302
father,302
telltale,302
pasted,299
commander,299
corporate,299
describes,299
hyphens,299
weaves,299
captivating,299
cut,299
primitive,299
greed,299
exceptionally,299
self,299
cast,299
word,299
parts,299
humans,299
fascinating,299
conflict,299
fascinated,299
words,299
personalities,299
hyphen,299
mission,299
continue,299
exploration,299
brig,299
variety,299
forbearance,299
pulled,299
probable,299
broke,299
admit,299
character,299
protagonist,299
fund,299
romance,299
harry,299
encounter,299
delightful,299
technologically,299
profits,299
format,299
irons,299
forms,299
sequel,299
realism,299
confined,299
noble,299
egocentric,299
surprises,299
trilogy,299
individuals,299
intelligent,299
idealism,299
storyline,299
premise,299
cultures,299
fantasy,299
annoyance,299
document,299
eager,299
likeable,299
stone,299
microsoft,299
thomas,299
assume,299
kindle,296
fun,294
room,294
matters,291
dormant,291
later,291
nah,291
cohesive,291
carpetbombing,291
open,291
sense,291
china,291
heroes,291
gas,291
drones,291
propeller,291
move,291
suspend,291
facility,291
unexplained,291
himalayan,291
riddle,291
doesnt,291
crash,291
protagonists,291
fair,291
alien,291
arrive,291
furthermore,291
pass,291
indonesia,291
recall,291
flight,291
land,291
noticing,291
filling,291
disbelief,291
away,291
instance,291
disappointment,291
ofcourse,291
minute,291
planet,291
save,291
slotting,291
incorporating,291
destination,291
sequences,291
slew,291
himalaya,291
alot,289
mount,286
shoot,285
worry,285
period,285
serve,280
doubles,280
wash,280
pattern,280
breakfast,280
soap,280
mild,280
blended,280
oil,280
dish,280
stopping,280
drink,280
blender,280
drinks,280
prevented,280
smoothies,280
single,280
thrilled,280
pulsing,280
hope,280
simplistic,280
blending,280
blend,280
mini,280
overworked,280
shakes,280
blanding,280
occasionally,280
motor,280
market,280
continuing,280
owned,279
leather,279
purchase,276
anything,276
chrome,274
cable,273
attention,272
protectors,271
remove,271
weeks,271
etc,270
tablet,268
complaints,266
normal,262
cloth,261
thick,261
anyway,258
mounts,258
worked,257
iphone,256
unit,255
breville,255
negative,254
stuck,251
nothing,250
flip,250
several,248
filters,245
toaster,244
rich,242
spacious,242
incredible,242
bear,242
deals,242
caught,242
kinda,242
slot,242
wheels,242
colleagues,242
stands,242
strong,242
wheeled,242
texture,242
suddenly,242
straight,242
pockets,242
rolling,242
pricy,242
eye,242
researching,242
satisfied,241
normally,241
extremely,241
extra,240
ipad,238
sturdy,237
times,236
husband,236
arrived,235
home,234
tried,234
definitely,230
wifi,230
said,230
son,228
watch,227
compartment,226
previous,223
min,222
email,221
came,221
zipper,217
cleaning,216
pad,216
upgrade,216
bubbles,216
adhesive,216
rest,216
sell,216
scratch,216
older,216
zagg,216
scrape,216
bends,216
push,216
scratches,216
protector,216
tab,216
protect,216
putting,216
removed,216
junked,216
applied,216
provide,216
haven,215
sweet,211
sayers,211
interface,211
closing,211
adobe,211
exclusively,211
resulting,211
homework,211
clue,211
phenomenally,211
rx100,211
liking,211
lightroom,211
d800,211
tweaked,211
dsc,211
understanding,211
outstanding,211
asa,211
6400,211
practice,211
nay,211
processing,211
unevenly,210
box,209
cover,208
feel,207
cheaper,207
recommended,206
started,202
hdmi,201
offer,200
trouble,199
shipped,199
connecting,198
blue,196
others,196
glass,195
add,194
course,192
wear,192
spectacular,192
limited,191
recieved,191
cam,191
six,191
thinking,191
truely,191
antivirus,191
netbook,191
afraid,191
mic,191
glad,191
lightweight,191
honestly,191
google,191
compartments,187
wonderful,184
impossible,183
computer,182
matches,181
digital,181
fierce,178
oven,178
marriage,178
herself,178
personal,178
attraction,178
shelter,178
spite,178
money,178
dangerous,178
beginning,178
slip,178
jarring,178
admitted,178
thunderstorm,178
relieved,178
during,178
enjoyable,178
endangered,178
emotion,178
realize,178
himself,178
feelings,178
alive,178
consummate,178
sad,178
narrative,178
reflection,178
wanting,178
functions,173
u,171
birthday,170
42nd,170
paperwhite,170
clasp,170
looked,170
protective,170
eyes,170
pricey,170
hurt,170
starting,170
worthy,170
commented,170
snug,170
investment,170
compare,170
chose,170
wife,170
magnetic,170
night,170
models,170
custom,170
metal,170
showed,169
sooo,169
hung,169
cheetah,169
encountered,169
wow,169
built,169
pounds,169
budge,169
didnt,169
190,169
entertainment,169
obvious,169
failed,167
80,167
technology,167
isn,167
return,165
tmobile,161
stopped,158
degrees,155
frame,155
facebook,155
contact,155
counter,155
35,155
distance,155
cooked,155
convection,155
safe,155
opening,155
cabinets,155
via,155
bake,155
muffins,155
accidentally,155
12,155
serious,155
bump,155
knuckles,155
sitting,155
reply,155
nor,155
burnt,155
door,155
prices,155
burn,155
plug,154
accessories,152
gouged,152
books,152
damage,152
decently,152
reasonable,152
depending,152
expect,152
grips,152
fell,152
grasp,152
papers,152
study,152
tear,152
padded,152
pulls,152
fabric,152
ipads,152
hooked,152
briefcase,152
main,152
car,152
enjoy,150
anywhere,150
cord,148
lit,148
auto,148
adjusting,148
clear,148
manually,148
dno,148
saw,148
either,148
afford,148
replace,148
downloaded,148
printed,148
mind,148
hook,148
making,147
exactly,143
support,142
floors,141
bare,141
cables,141
mostly,141
pretty,141
container,141
carpet,141
try,141
hair,141
dirt,141
shake,141
pull,141
wouldn,141
stick,141
sucks,141
hose,141
interested,141
tools,141
haired,141
stays,141
release,141
unless,141
pet,141
finding,141
vacuum,141
funnel,141
stories,136
expected,133
better,132
ended,132
knives,131
send,131
connect,130
usable,130
difficult,130
bitter,125
quarter,125
tastes,125
us,125
absorb,125
steam,125
kinds,125
mr,125
tells,125
cups,125
melitta,125
envy3,124
holds,124
toilet,124
keyboards,124
buttons,124
four,124
firm,124
dropped,124
phones,124
batteries,124
reliable,124
reactive,124
press,124
current,124
talk,124
thinki,123
20daysthe,123
30,123
prefect,123
broken,123
reviewfvery,123
shiping,123
disconnect,123
dollar,123
depends,123
ur,123
pc,123
working1,123
iphonethos,123
brought,123
loves,122
free,121
seller,119
cell,119
cdma,119
february,119
call,119
strangely,119
com,119
fine,119
pearl,119
blackberry,119
november,119
verizon,119
apparently,119
blutekusa,119
crashing,119
inc,119
8230,119
silver,119
cd,116
mobile,116
thanks,115
tons,113
order,112
play,111
straw,110
recognize,110
picking,110
button,110
pratchett,110
octopus,110
tree,110
universes,110
novel,110
lately,110
fans,110
explore,110
alternative,110
discworld,110
terry,110
cooking,110
toasting,110
dwelling,110
burned,110
stephen,110
become,110
expecting,110
slices,110
baxter,110
ton,110
constructed,109
attached,109
included,109
deep,109
feet,109
brass,109
company,109
roomy,109
supple,109
tote,109
similiar,109
disappointed,109
wallet,109
teal,109
dvd,107
player,107
transfer,106
start,103
says,102
dvds,101
lacking,100
cancel,100
babysit,100
fail,100
app,100
online,100
references,100
frustrating,100
hardly,100
inexpensive,100
cooks,100
cook,100
brown,100
slice,100
lousy,100
toast,100
toasted,100
units,100
lcd,100
pittiful,100
response,100
elsewhere,100
engineering,100
stand,100
somthing,98
transport,98
packed,98
computor,98
asus,98
amozon,98
notebook,98
windows,98
stated,98
preloaded,98
touch,98
ultrabook,98
key,98
business,98
dell,96
nose,94
conducting,94
salve,94
tensionpost,94
feast,94
stream,94
ears,94
orchestrahighly,94
nurturing,94
releasefrom,94
perfectiona,94
stressreleaseabandonburden,94
relaxingdevastingrelease,94
pressure,94
abandon,94
fashion,94
armsto,94
recommendedi,94
traumatic,94
unique,94
soundwith,94
advertised,92
supposed,90
guessing,90
salted,90
catching,90
inspired,90
keeps,90
unexpected,90
imagination,90
wired,90
pretzel,90
possibilities,90
intelligence,90
twist,90
inch,89
dad,89
46,89
evening,89
placed,89
thursday,89
stores,89
installing,89
sunday,89
tilted,89
afternoon,89
unlimited,88
display,88
browsing,88
rooted,88
rid,88
android,88
mine,88
bloatware,88
tweak,88
settings,88
blazing,88
40,88
length,86
wire,86
prefer,86
8am,86
charging,86
9pm,86
plugged,86
100,86
tired,85
ideal,85
chef,85
dull,85
obviously,85
sharpener,85
sharpeners,85
let,85
manual,85
electric,85
sending,85
gave,85
including,85
hassle,85
angle,83
pages,83
framing,83
signs,83
trial,83
plastic,83
cared,83
worn,83
below,83
points,83
sleek,83
ofuse,83
description,83
within,83
viewing,83
arrives,83
plot,83
netflix,83
describe,83
edges,83
rubbing,83
1000,83
consider,83
cant,81
chocolate,81
espresso,81
helped,81
portable,81
cons,81
boil,81
mil,81
indicator,81
milk,81
latte,81
steams,81
serves,81
brew,81
forever,81
simultaneously,81
school,78
mac,78
junior,78
17year,78
protecting,78
stylish,78
pro,78
valuables,78
protects,78
biggest,78
purchasing,77
grand,77
played,77
daughters,77
younger,77
game,77
listen,76
gear,75
movable,75
eos,75
dividers,75
plenty,75
configuration,75
majority,75
additional,75
chargers,75
awesome,74
frequently,74
prolonged,74
darn,74
cooling,74
particularly,74
functionality,74
name,74
considering,74
daughter,73
calling,73
surf,73
rate,73
machinge,73
unlocked,73
access,73
contacts,73
apps,73
smartphone,73
sim,73
texting,73
pinch,72
hiking,72
fly,72
snap,72
chain,72
starters,72
library,69
account,69
public,69
laptop,68
especially,68
steampunkish,67
dial,67
turbo,67
sticker,67
underground,67
refurbished,67
crossed,67
rw,67
drive,67
shelf,67
vinge,67
relation,67
prospects,67
desktop,67
toasters,67
world,67
series,67
figure,67
tax,67
wonderfully,67
vernor,67
dystopia,67
storing,67
followup,66
sent,66
bluerigger,66
realistic,66
sells,66
store,66
hp,65
connecticut,65
games,65
triplenet,65
damaged,65
pricing,65
sleeve,65
piazza,65
travelled,65
visiting,65
thank,65
australia,65
customers,65
returning,65
till,65
excellent,62
watching,59
died,58
plain,55
directly,55
viewed,55
tackier,55
protection,55
apply,55
rainbow,55
properly,54
motherboard,54
warranty,54
replaced,54
repairs,54
cramp,54
board,54
unusual,54
mother,54
reps,54
turn,54
portrayal,51
elements,51
thoroughly,51
expertly,51
john,51
creates,51
triumphs,51
scalzi,51
defense,51
colonial,51
plausible,51
warfare,51
humanity,51
woven,51
context,51
enjoyed,51
brilliantly,51
universe,51
breaking,50
awwwwesome,50
bomb,50
throw,49
mom,49
lets,49
knowing,49
bowling,49
vesion,48
mounth,48
fathers,48
cuting,48
environments,46
monitoring,46
bestbuy,46
monitor,46
28,46
supply,46
nicely,46
distances,46
adjustability,46
autonomy,46
drawer,46
sliding,46
electrical,46
require,46
lithium,46
polymer,46
turns,46
ps3,46
surprised,45
pleasantly,45
hood,45
microfiber,45
kit,45
730,44
clarity,44
music,44
audio,44
calls,44
leary,44
tooth,44
bt,44
pogo,43
conjunction,43
polaroid,43
choices,43
modest,43
ray,43
journal,43
styles,43
disks,43
media,43
christmas,43
zink,43
proved,42
searches,42
fix,42
neither,42
labtop,42
network,42
labtops,42
m910,40
intercept/m910,40
instant,40
samsung,40
hulu,40
packaging,40
speedy,40
intercept,40
manner,40
philman,40
streaming,40
virtually,40
protected,40
delivery,40
described,40
traveled,40
horrible,40
coming,40
europe,40
doctor,40
drop,40
welcome,39
coins,39
fake,39
ponies,39
magic,39
receiving,39
shards,39
death,39
led,38
round,38
rechargeable,38
run,38
candles,38
shape,38
runtime,38
gauge,35
~,35
resivour,35
stay,35
e,35
offered,34
gaming,34
plays,34
intensive,34
graphic,34
announcement,34
extended,34
graphics,34
delivered,34
earlier,33
stylus,33
predicted,33
paid,33
grade,33
devices,33
yeah,32
oh,32
magazine,31
else,31
pool,31
boring,30
risk,29
expand,28
collector,28
pics,28
wall,28
priced,28
perfevt,28
10000,28
suctuion,28
sx130,28
crap,28
weak,28
postioned,28
wanna,28
16g,28
touchscreen,26
favorite,26
shoots,26
condition,26
cuisinart,23
daily,23
pleasant,23
broiler,23
shopping,23
buyer,22
fashionable,22
friend,21
electronics,20
repair,20
dissassemble,20
special,18
quiet,18
features,18
